tau,hit_rate,lo,hi,n
0.05,0.1141804788213628,0.10371137078211348,0.12555834335386212,3258
0.1,0.1574585635359116,0.14535588456552925,0.17036806211366626,3258
0.25,0.2572130141190915,0.24249607970589307,0.2725018072324974,3258
0.5,0.5042971147943524,0.48713389656829137,0.5214502116274894,3258
0.75,0.7219152854511971,0.7062755396093394,0.7370323336441926,3258
0.9,0.8367096378146102,0.8236220788632571,0.8490041133347022,3258
0.95,0.8809085328422345,0.869335558749515,0.8915843177479029,3258
