interval,coverage,lo,hi,mean_width,n
80%,0.6792510742786986,0.6630203531214907,0.6950595887596471,0.38267842374478206,3258
90%,0.7667280540208717,0.751897149213074,0.7809307095107424,0.4820040229505786,3258
