model,tau,pinball_mean,pinball_se,coverage80,coverage80_lo,coverage80_hi,width80_mean,coverage90,coverage90_lo,coverage90_hi,width90_mean,n_obs
QRF_v3,0.05,0.014063846379096544,0.0008208097984527109,0.7664211172498465,0.7515839453512801,0.7806307627871233,0.4284713440672903,0.878146101903008,0.8664660667095418,0.8889354545191601,0.5992579525209688,3258
QRF_v3,0.1,0.022443241245513234,0.001414270340153813,0.7664211172498465,0.7515839453512801,0.7806307627871233,0.4284713440672903,0.878146101903008,0.8664660667095418,0.8889354545191601,0.5992579525209688,3258
QRF_v3,0.25,0.041586148075731875,0.0033003854245207214,0.7664211172498465,0.7515839453512801,0.7806307627871233,0.4284713440672903,0.878146101903008,0.8664660667095418,0.8889354545191601,0.5992579525209688,3258
QRF_v3,0.5,0.06103218946644002,0.006268086727695656,0.7664211172498465,0.7515839453512801,0.7806307627871233,0.4284713440672903,0.878146101903008,0.8664660667095418,0.8889354545191601,0.5992579525209688,3258
QRF_v3,0.75,0.07161778025211014,0.009059714391096206,0.7664211172498465,0.7515839453512801,0.7806307627871233,0.4284713440672903,0.878146101903008,0.8664660667095418,0.8889354545191601,0.5992579525209688,3258
QRF_v3,0.9,0.06596899598470203,0.009732537220578081,0.7664211172498465,0.7515839453512801,0.7806307627871233,0.4284713440672903,0.878146101903008,0.8664660667095418,0.8889354545191601,0.5992579525209688,3258
QRF_v3,0.95,0.04782709046723128,0.007509389325916478,0.7664211172498465,0.7515839453512801,0.7806307627871233,0.4284713440672903,0.878146101903008,0.8664660667095418,0.8889354545191601,0.5992579525209688,3258
