{
  "0.05": {
    "lr": 0.010782308956446812,
    "leaves": 253,
    "depth": 4,
    "min_leaf": 96,
    "feat_frac": 0.7624305070704434,
    "bag_frac": 0.7107255210498393,
    "bag_freq": 4,
    "l1": 8.151379625914121e-06,
    "l2": 2.0930257375146314e-07,
    "gamma": 0.06896027532497424,
    "objective": "quantile",
    "metric": "quantile",
    "alpha": 0.05,
    "num_iterations": 2449
  },
  "0.1": {
    "lr": 0.006222015838367481,
    "leaves": 91,
    "depth": 13,
    "min_leaf": 37,
    "feat_frac": 0.8621429102026121,
    "bag_frac": 0.7141002822087066,
    "bag_freq": 15,
    "l1": 2.6940393504381546,
    "l2": 0.5684145609816758,
    "gamma": 0.1724177520496904,
    "objective": "quantile",
    "metric": "quantile",
    "alpha": 0.1,
    "num_iterations": 7495
  },
  "0.25": {
    "lr": 0.00783445364406826,
    "leaves": 42,
    "depth": 6,
    "min_leaf": 79,
    "feat_frac": 0.6219614662457834,
    "bag_frac": 0.9631946980853177,
    "bag_freq": 11,
    "l1": 0.01731014934398581,
    "l2": 0.8099306995086424,
    "gamma": 0.08510860956490954,
    "objective": "quantile",
    "metric": "quantile",
    "alpha": 0.25,
    "num_iterations": 7999
  },
  "0.5": {
    "lr": 0.013758768477728747,
    "leaves": 56,
    "depth": 5,
    "min_leaf": 22,
    "feat_frac": 0.9601508981515812,
    "bag_frac": 0.7962796285866497,
    "bag_freq": 11,
    "l1": 3.954287263331835e-06,
    "l2": 3.8530035496698944e-07,
    "gamma": 0.3330493292397337,
    "objective": "quantile",
    "metric": "quantile",
    "alpha": 0.5,
    "num_iterations": 7992
  },
  "0.75": {
    "lr": 0.05455514213519982,
    "leaves": 68,
    "depth": 9,
    "min_leaf": 76,
    "feat_frac": 0.5195066302380089,
    "bag_frac": 0.9935655768221948,
    "bag_freq": 1,
    "l1": 5.212911264451511e-08,
    "l2": 0.00019427143714494753,
    "gamma": 0.060120751114020626,
    "objective": "quantile",
    "metric": "quantile",
    "alpha": 0.75,
    "num_iterations": 1095
  },
  "0.9": {
    "lr": 0.040300712941193535,
    "leaves": 96,
    "depth": 7,
    "min_leaf": 78,
    "feat_frac": 0.9088043560835022,
    "bag_frac": 0.4451017550741594,
    "bag_freq": 2,
    "l1": 3.493195064592685e-05,
    "l2": 3.4061091928453454e-05,
    "gamma": 0.1906067103742518,
    "objective": "quantile",
    "metric": "quantile",
    "alpha": 0.9,
    "num_iterations": 218
  },
  "0.95": {
    "lr": 0.006166557547633205,
    "leaves": 201,
    "depth": 4,
    "min_leaf": 8,
    "feat_frac": 0.7756224254101054,
    "bag_frac": 0.989751316969397,
    "bag_freq": 3,
    "l1": 0.0011731832729065777,
    "l2": 4.826794476964723e-06,
    "gamma": 0.16176355348278354,
    "objective": "quantile",
    "metric": "quantile",
    "alpha": 0.95,
    "num_iterations": 3200
  }
}