{
  "0.05": {
    "lr": 0.010782308956446812,
    "leaves": 253,
    "depth": 4,
    "min_leaf": 96,
    "feat_frac": 0.7624305070704434,
    "bag_frac": 0.7107255210498393,
    "bag_freq": 4,
    "l1": 8.151379625914121e-06,
    "l2": 2.0930257375146314e-07,
    "gamma": 0.06896027532497424,
    "objective": "quantile",
    "metric": "quantile",
    "alpha": 0.05,
    "num_iterations": 2449
  },
  "0.25": {
    "lr": 0.00783445364406826,
    "leaves": 42,
    "depth": 6,
    "min_leaf": 79,
    "feat_frac": 0.6219614662457834,
    "bag_frac": 0.9631946980853177,
    "bag_freq": 11,
    "l1": 0.01731014934398581,
    "l2": 0.8099306995086424,
    "gamma": 0.08510860956490954,
    "objective": "quantile",
    "metric": "quantile",
    "alpha": 0.25,
    "num_iterations": 7999
  },
  "0.5": {
    "lr": 0.013372308718637258,
    "leaves": 36,
    "depth": 8,
    "min_leaf": 6,
    "feat_frac": 0.8006119658840214,
    "bag_frac": 0.9484043193567602,
    "bag_freq": 14,
    "l1": 0.000272959911922351,
    "l2": 0.0009494398169421783,
    "gamma": 0.21410802463584894,
    "objective": "quantile",
    "metric": "quantile",
    "alpha": 0.5,
    "num_iterations": 7975
  },
  "0.75": {
    "lr": 0.036044698511791456,
    "leaves": 53,
    "depth": 7,
    "min_leaf": 47,
    "feat_frac": 0.4911194043573983,
    "bag_frac": 0.9302453461606717,
    "bag_freq": 0,
    "l1": 5.2694422293376384e-08,
    "l2": 0.018533754247310186,
    "gamma": 0.1443552524768685,
    "objective": "quantile",
    "metric": "quantile",
    "alpha": 0.75,
    "num_iterations": 2078
  },
  "0.95": {
    "lr": 0.006166557547633205,
    "leaves": 201,
    "depth": 4,
    "min_leaf": 8,
    "feat_frac": 0.7756224254101054,
    "bag_frac": 0.989751316969397,
    "bag_freq": 3,
    "l1": 0.0011731832729065777,
    "l2": 4.826794476964723e-06,
    "gamma": 0.16176355348278354,
    "objective": "quantile",
    "metric": "quantile",
    "alpha": 0.95,
    "num_iterations": 3200
  }
}