tau,avg_pinball_loss
0.1,0.14482819226124594
0.25,0.1330234068991958
0.5,0.11273709723409524
0.75,0.08969551523919682
0.9,0.07023441730566596
